{
  "name": "Percy's Glyph Changer",
  "author": "Percy Panleo",
  "target": "Other",
  "version": "v1",
  "manifest_version": 5,
  "patches": {
    "Brand Icon Glyph": {
      "type": "dropdown",
      "default": "Original",
      "values": {
        "Original": {},
        "Steam Deck": {
          "icon/sd_button_steam.css": ["SP", "QuickAccess"]
        },
        "Steam Controller": {
          "icon/sc_button_steam.css": ["SP", "QuickAccess"]
        },
        "Nintendo": {
          "icon/switchpro_button_home.css": ["SP", "QuickAccess"]
        },
        "PS4": {
          "icon/ps4_button_logo.css": ["SP", "QuickAccess"]
        },
        "XBOX": {
          "icon/xbox_button_logo.css": ["SP", "QuickAccess"]
        },
        "ROG Ally": {
          "icon/rog_button_logo.css": ["SP", "QuickAccess"]
        },
        "8BitDo": {
          "icon/8bd_button_logo.css": ["SP", "QuickAccess"]
        }
      }
    },
    "Menu Button Glyph": {
      "type": "dropdown",
      "default": "Original",
      "values": {
        "Original": {},
        "Steam Deck": {
          "menu/sd_button_menu.css": ["SP", "QuickAccess"]
        },
        "Steam Controller": {
          "menu/sc_button_r_arrow.css": ["SP", "QuickAccess"]
        },
        "Nintendo": {
          "menu/switchpro_button_plus.css": ["SP", "QuickAccess"]
        },
        "PS4": {
          "menu/ps4_button_options.css": ["SP", "QuickAccess"]
        },
        "PS5": {
          "menu/ps5_button_options.css": ["SP", "QuickAccess"]
        },
        "XBOX": {
          "menu/xbox_button_start.css": ["SP", "QuickAccess"]
        }
      }
    },
    "XBOX Style Button Glyphs": {
      "type": "dropdown",
      "default": "XBOX",
      "values": {
        "XBOX": {
          "xbox/xbox.css": ["SP", "QuickAccess"]
        },
        "XBOX Outline": {
          "xbox/xbox_outlined.css": ["SP", "QuickAccess"]
        },
        "Monochrome": {
          "xbox/mono.css": ["SP", "QuickAccess"]
        },
        "Monochrome Outline": {
          "xbox/mono_outlined.css": ["SP", "QuickAccess"]
        },
        "PS4": {
          "xbox/ps.css": ["SP", "QuickAccess"]
        },
        "PS4 Outline": {
          "xbox/ps_outlined.css": ["SP", "QuickAccess"]
        },
        "PS5": {
          "xbox/ps_mono.css": ["SP", "QuickAccess"]
        },
        "PS5 Outline": {
          "xbox/ps_mono_outlined.css": ["SP", "QuickAccess"]
        },
        "ROG Ally": {
          "xbox/rog.css": ["SP", "QuickAccess"]
        },
        "ROG Ally Outline": {
          "xbox/rog_outlined.css": ["SP", "QuickAccess"]
        },
        "8BitDo": {
          "xbox/8bd.css": ["SP", "QuickAccess"]
        },
        "8BitDo Outline": {
          "xbox/8bd_outlined.css": ["SP", "QuickAccess"]
        }
      }
    },
    "Nintendo / Steam Deck Style Button Glyphs": {
      "type": "dropdown",
      "default": "Monochrome",
      "values": {
        "XBOX": {
          "deck/xbox.css": ["SP", "QuickAccess"]
        },
        "XBOX Outline": {
          "deck/xbox_outlined.css": ["SP", "QuickAccess"]
        },
        "Monochrome": {
          "deck/mono.css": ["SP", "QuickAccess"]
        },
        "Monochrome Outline": {
          "deck/mono_outlined.css": ["SP", "QuickAccess"]
        },
        "PS4": {
          "deck/ps.css": ["SP", "QuickAccess"]
        },
        "PS4 Outline": {
          "deck/ps_outlined.css": ["SP", "QuickAccess"]
        },
        "PS5": {
          "deck/ps_mono.css": ["SP", "QuickAccess"]
        },
        "PS5 Outline": {
          "deck/ps_mono_outlined.css": ["SP", "QuickAccess"]
        },
        "ROG Ally": {
          "deck/rog.css": ["SP", "QuickAccess"]
        },
        "ROG Ally Outline": {
          "deck/rog_outlined.css": ["SP", "QuickAccess"]
        },
        "8BitDo": {
          "deck/8bd.css": ["SP", "QuickAccess"]
        },
        "8BitDo Outline": {
          "deck/8bd_outlined.css": ["SP", "QuickAccess"]
        }
      }
    },
    "PlayStation Style Button Glyphs": {
      "type": "dropdown",
      "default": "PS4",
      "values": {
        "XBOX": {
          "ps/xbox.css": ["SP", "QuickAccess"]
        },
        "XBOX Outline": {
          "ps/xbox_outlined.css": ["SP", "QuickAccess"]
        },
        "Monochrome": {
          "ps/mono.css": ["SP", "QuickAccess"]
        },
        "Monochrome Outline": {
          "ps/mono_outlined.css": ["SP", "QuickAccess"]
        },
        "PS4": {
          "ps/ps.css": ["SP", "QuickAccess"]
        },
        "PS4 Outline": {
          "ps/ps_outlined.css": ["SP", "QuickAccess"]
        },
        "PS5": {
          "ps/ps_mono.css": ["SP", "QuickAccess"]
        },
        "PS5 Outline": {
          "ps/ps_mono_outlined.css": ["SP", "QuickAccess"]
        },
        "ROG Ally": {
          "ps/rog.css": ["SP", "QuickAccess"]
        },
        "ROG Ally Outline": {
          "ps/rog_outlined.css": ["SP", "QuickAccess"]
        },
        "8BitDo": {
          "ps/8bd.css": ["SP", "QuickAccess"]
        },
        "8BitDo Outline": {
          "ps/8bd_outlined.css": ["SP", "QuickAccess"]
        }
      }
    }
  }
}
